Date,Close
27/04/2020,734.78
24/04/2020,726.52
23/04/2020,726.54
22/04/2020,720.32
21/04/2020,709.95
16/04/2020,727.35
15/04/2020,730.04
14/04/2020,759.04
13/04/2020,758.94
10/4/2020,763.17
9/4/2020,743.33
8/4/2020,731.59
7/4/2020,735.09
6/4/2020,708.8
3/4/2020,692.35
2/4/2020,694.15
1/4/2020,683.44
31/03/2020,702.26
30/03/2020,689.15
27/03/2020,692.58
26/03/2020,700.25
25/03/2020,701.56
24/03/2020,687.94
23/03/2020,653.02
20/03/2020,679.88
19/03/2020,682.25
18/03/2020,671.78
17/03/2020,695.42
16/03/2020,654.53
13/03/2020,716.65
12/3/2020,723.93
11/3/2020,762.39
10/3/2020,795.66
9/3/2020,794.25
6/3/2020,861.56
5/3/2020,877.38
4/3/2020,893.85
3/3/2020,888.24
2/3/2020,864.39
28/02/2020,835
27/02/2020,875.49
26/02/2020,893.14
25/02/2020,900.77
24/02/2020,908.14
21/02/2020,932.38
20/02/2020,936.01
19/02/2020,940.23
18/02/2020,934.47
17/02/2020,931.55
14/02/2020,931.22
13/02/2020,930.41
12/2/2020,923.39
11/2/2020,924.35
10/2/2020,925.4
7/2/2020,926.81
6/2/2020,932.9
5/2/2020,926.17
4/2/2020,920.24
3/2/2020,918.97
31/01/2020,925.2
30/01/2020,919.22
29/01/2020,929.29
28/01/2020,934.57
27/01/2020,934.61
23/01/2020,945.65
22/01/2020,939.8
21/01/2020,937.9
20/01/2020,937.41
17/01/2020,933.4
16/01/2020,928.8
15/01/2020,927.63
14/01/2020,923.48
13/01/2020,922.46
10/1/2020,914.37
9/1/2020,912.05
8/1/2020,904.79
7/1/2020,906.77
6/1/2020,905.6
3/1/2020,909.85
30/12/2019,914.83
27/12/2019,911.93
23/12/2019,906
20/12/2019,906.62
19/12/2019,905.15
18/12/2019,906.07
17/12/2019,905.51
16/12/2019,910.89
13/12/2019,904.72
12/12/2019,896.31
11/12/2019,897.33
10/12/2019,904.13
9/12/2019,909.01
6/12/2019,913.23
5/12/2019,911.22
4/12/2019,909.95
3/12/2019,902.83
2/12/2019,906.24
29/11/2019,906.49
28/11/2019,905.86
27/11/2019,907.09
26/11/2019,895.67
25/11/2019,894.39
22/11/2019,890.86
21/11/2019,886.19
20/11/2019,885.95
19/11/2019,882.45
18/11/2019,882.67
15/11/2019,878.21
14/11/2019,877.06
13/11/2019,880.02
12/11/2019,876.9
11/11/2019,879.48
8/11/2019,878.25
7/11/2019,876.28
6/11/2019,876.28
5/11/2019,875.41
4/11/2019,872.41
1/11/2019,869.06
31/10/2019,862.42
30/10/2019,872.39
29/10/2019,877.6
28/10/2019,874.74
25/10/2019,874.59
24/10/2019,869.5
23/10/2019,869.45
22/10/2019,868.8
21/10/2019,864.76
18/10/2019,861.24
17/10/2019,862.52
16/10/2019,858.63
15/10/2019,860.84
14/10/2019,859.16
11/10/2019,859.74
10/10/2019,856.44
9/10/2019,859.17
8/10/2019,857.11
7/10/2019,861.78
4/10/2019,853.71
3/10/2019,852.03
2/10/2019,851.66
1/10/2019,863.88
30/09/2019,865.71
27/09/2019,868.04
26/09/2019,862.4
25/09/2019,859.39
24/09/2019,858.21
23/09/2019,862.55
20/09/2019,856.99
19/09/2019,848.64
18/09/2019,843.24
17/09/2019,838.83
16/09/2019,839.17
13/09/2019,834.49
12/9/2019,833.96
11/9/2019,834.56
10/9/2019,835.21
9/9/2019,831.51
6/9/2019,832.66
5/9/2019,833.75
4/9/2019,834.23
3/9/2019,833.57
2/9/2019,834.92
30/08/2019,834.2
29/08/2019,834.34
28/08/2019,834.53
27/08/2019,835.57
26/08/2019,818.48
23/08/2019,822.41
22/08/2019,824.78
21/08/2019,827.09
20/08/2019,819.64
19/08/2019,820.07
16/08/2019,816.94
14/08/2019,819.32
13/08/2019,824.52
12/8/2019,823.05
9/8/2019,827.11
8/8/2019,824.98
7/8/2019,820.03
6/8/2019,817.86
5/8/2019,815.62
2/8/2019,819.78
1/8/2019,823.91
31/07/2019,831.27
30/07/2019,814.88
29/07/2019,815.35
26/07/2019,811.87
25/07/2019,812.61
24/07/2019,808.75
23/07/2019,819.85
22/07/2019,818.77
19/07/2019,823.03
18/07/2019,818.78
17/07/2019,822.6
16/07/2019,825.67
15/07/2019,827.86
12/7/2019,822.55
11/7/2019,815.52
10/7/2019,805.08
9/7/2019,805.93
8/7/2019,803.94
5/7/2019,810.93
4/7/2019,808.47
3/7/2019,801.21
2/7/2019,796.29
1/7/2019,796.25
28/06/2019,796.99
27/06/2019,792.6
26/06/2019,784.13
25/06/2019,780
24/06/2019,782.71
21/06/2019,792.25
20/06/2019,786.64
19/06/2019,780.13
18/06/2019,775.92
14/06/2019,773.87
13/06/2019,771.48
12/6/2019,780.23
11/6/2019,782.82
10/6/2019,778.43
7/6/2019,776.75
6/6/2019,780.25
5/6/2019,780.43
4/6/2019,769.19
3/6/2019,777.29
31/05/2019,770.46
30/05/2019,761.54
29/05/2019,764.38
28/05/2019,766.07
27/05/2019,744.82
24/05/2019,742.05
23/05/2019,735.99
22/05/2019,736.93
21/05/2019,739.68
20/05/2019,743.51
17/05/2019,745.53
16/05/2019,744.29
15/05/2019,742.04
14/05/2019,738.75
13/05/2019,741.5
10/5/2019,752.88
9/5/2019,752.2
8/5/2019,758.58
7/5/2019,763.3
6/5/2019,759.91
3/5/2019,765.82
2/5/2019,766.19
30/04/2019,764.4
25/04/2019,763.44
24/04/2019,759.66
23/04/2019,758.13
22/04/2019,761.93
19/04/2019,758.31
18/04/2019,752.24
17/04/2019,751.41
16/04/2019,749.71
15/04/2019,751.3
12/4/2019,751.6
11/4/2019,756.98
10/4/2019,754.75
9/4/2019,755.09
8/4/2019,751.27
5/4/2019,747.57
4/4/2019,744.72
3/4/2019,743.57
2/4/2019,741.98
1/4/2019,742.37
29/03/2019,734.88
28/03/2019,738.72
27/03/2019,741.16
26/03/2019,734.08
25/03/2019,726.8
22/03/2019,734.03
21/03/2019,735.3
20/03/2019,733.24
19/03/2019,727.99
18/03/2019,723.51
15/03/2019,721.71
14/03/2019,721.3
13/03/2019,721.37
12/3/2019,724.9
11/3/2019,727.2
8/3/2019,720.03
7/3/2019,721.93
6/3/2019,725.73
5/3/2019,724.17
4/3/2019,715.94
1/3/2019,704.07
28/02/2019,705.22
27/02/2019,704.81
26/02/2019,713.45
25/02/2019,713.81
22/02/2019,713.92
21/02/2019,720.79
20/02/2019,712.62
19/02/2019,711.62
18/02/2019,714.07
15/02/2019,705.81
14/02/2019,704.64
13/02/2019,708.42
12/2/2019,694.37
11/2/2019,681.8
8/2/2019,697.75
7/2/2019,696.2
6/2/2019,687.96
5/2/2019,685.68
4/2/2019,674.89
1/2/2019,652.82
31/01/2019,646.94
30/01/2019,652.84
29/01/2019,646.09
28/01/2019,650.83
25/01/2019,654.62
23/01/2019,662.35
22/01/2019,666.16
21/01/2019,663.19
18/01/2019,668.51
17/01/2019,665.93
16/01/2019,655.29
15/01/2019,652.95
14/01/2019,642.17
11/1/2019,669.15
10/1/2019,680.97
9/1/2019,686.14
8/1/2019,688.62
7/1/2019,705.29
4/1/2019,704.73
3/1/2019,686.77
31/12/2018,680.44
28/12/2018,681.58
27/12/2018,684.85
24/12/2018,685.61
21/12/2018,642.73
20/12/2018,674.36
19/12/2018,684.34
18/12/2018,766.44
17/12/2018,775.65
14/12/2018,780.9
13/12/2018,781.24
12/12/2018,778.26
11/12/2018,781.43
10/12/2018,778.73
7/12/2018,789.39
6/12/2018,786.28
5/12/2018,794.48
4/12/2018,799.2
3/12/2018,796.59
29/11/2018,789.52
28/11/2018,781.6
27/11/2018,781.26
26/11/2018,775.83
23/11/2018,776.86
22/11/2018,774.42
21/11/2018,776.47
20/11/2018,773.86
19/11/2018,780.3
16/11/2018,781.44
15/11/2018,781.78
14/11/2018,780.56
13/11/2018,789.74
12/11/2018,789.6
9/11/2018,789.59
8/11/2018,783.07
7/11/2018,790.28
6/11/2018,787.35
5/11/2018,778.77
2/11/2018,777.2
1/11/2018,777.24
31/10/2018,773.5
30/10/2018,770.48
29/10/2018,772.59
26/10/2018,765.41
25/10/2018,773.2
24/10/2018,784.43
23/10/2018,785.4
22/10/2018,784.76
19/10/2018,783.7
18/10/2018,783.03
17/10/2018,788.32
16/10/2018,781.01
15/10/2018,771.7
12/10/2018,766.92
11/10/2018,766.66
10/10/2018,775.48
9/10/2018,779.03
8/10/2018,777.36
5/10/2018,780
4/10/2018,776.56
3/10/2018,775.42
2/10/2018,776.96
1/10/2018,771.45
28/09/2018,768.6
27/09/2018,772.07
26/09/2018,766.75
25/09/2018,767.64
24/09/2018,768.18
21/09/2018,768.9
20/09/2018,766.08
19/09/2018,761.72
18/09/2018,761.99
17/09/2018,752.88
14/09/2018,753.37
13/09/2018,757.07
12/9/2018,762
11/9/2018,764.05
10/9/2018,768.09
7/9/2018,766.51
6/9/2018,766.91
5/9/2018,766.65
4/9/2018,769.79
3/9/2018,767.29
31/08/2018,765.2
30/08/2018,770.65
29/08/2018,769.62
28/08/2018,772.22
27/08/2018,767.09
24/08/2018,764.75
23/08/2018,759.48
22/08/2018,758.24
21/08/2018,759.92
20/08/2018,762.21
17/08/2018,757.26
16/08/2018,752.64
14/08/2018,749.91
13/08/2018,751.9
10/8/2018,757.19
9/8/2018,762.12
8/8/2018,763.36
7/8/2018,760.47
6/8/2018,760.25
3/8/2018,752.74
2/8/2018,745.02
1/8/2018,745.73
31/07/2018,742.6
30/07/2018,749.39
27/07/2018,747.77
26/07/2018,744.68
25/07/2018,739.57
24/07/2018,739.5
23/07/2018,738.69
20/07/2018,734.8
19/07/2018,731.28
18/07/2018,742.3
17/07/2018,744.24
16/07/2018,743.15
13/07/2018,738.95
12/7/2018,738.38
11/7/2018,736.68
10/7/2018,735.37
9/7/2018,734.84
6/7/2018,732.69
5/7/2018,730.6
4/7/2018,739.01
3/7/2018,742.61
2/7/2018,748.51
29/06/2018,754.24
28/06/2018,746.57
27/06/2018,742.31
26/06/2018,742.85
25/06/2018,742.29
22/06/2018,752.54
21/06/2018,754.53
20/06/2018,754.84
19/06/2018,751.7
18/06/2018,759.18
15/06/2018,762.74
14/06/2018,759.25
13/06/2018,771.29
12/6/2018,763.67
11/6/2018,760.84
8/6/2018,761.03
7/6/2018,760.95
6/6/2018,761.72
5/6/2018,758.8
4/6/2018,745.58
31/05/2018,742.19
30/05/2018,737.82
29/05/2018,754.64
25/05/2018,760.61
24/05/2018,761.41
23/05/2018,768.99
22/05/2018,775.66
21/05/2018,762.03
18/05/2018,775.8
17/05/2018,785.89
16/05/2018,790.88
15/05/2018,798.84
14/05/2018,806.23
11/5/2018,810.43
10/5/2018,813.26
9/5/2018,808.57
8/5/2018,808.9
7/5/2018,815.64
4/5/2018,810.5
3/5/2018,803.5
2/5/2018,807.83
30/04/2018,807.5
27/04/2018,813
26/04/2018,823.86
25/04/2018,831.29
24/04/2018,832.37
23/04/2018,829.28
20/04/2018,827.34
19/04/2018,828.68
18/04/2018,828.57
17/04/2018,826.99
16/04/2018,824.92
13/04/2018,822.73
12/4/2018,827.74
11/4/2018,820.97
10/4/2018,822.23
5/4/2018,823.83
4/4/2018,814.79
3/4/2018,815.99
2/4/2018,816.87
30/03/2018,812.76
29/03/2018,809.74
28/03/2018,814.29
27/03/2018,816.57
26/03/2018,814.78
23/03/2018,809.11
22/03/2018,807.73
21/03/2018,821.17
20/03/2018,816.39
19/03/2018,819.25
16/03/2018,823.24
15/03/2018,813.34
14/03/2018,806.45
13/03/2018,807.25
12/3/2018,803.74
9/3/2018,797.87
8/3/2018,797.73
7/3/2018,795.94
6/3/2018,795.77
5/3/2018,791.7
2/3/2018,787.6
1/3/2018,794.26
28/02/2018,797.25
27/02/2018,794.05
26/02/2018,789.79
23/02/2018,787.23
22/02/2018,783.06
21/02/2018,782.51
20/02/2018,786.22
19/02/2018,786.45
16/02/2018,787.43
15/02/2018,780.91
14/02/2018,774.64
13/02/2018,771.28
12/2/2018,768.35
9/2/2018,758.38
8/2/2018,763.66
7/2/2018,759.33
6/2/2018,759.33
5/2/2018,777.42
2/2/2018,783.02
1/2/2018,790.11
31/01/2018,795.92
30/01/2018,795.79
29/01/2018,802.78
26/01/2018,801.3
25/01/2018,799.83
23/01/2018,801.49
22/01/2018,804.37
19/01/2018,793.44
18/01/2018,793.39
17/01/2018,788.18
16/01/2018,781.49
15/01/2018,782.3
12/1/2018,783.24
11/1/2018,775.72
10/1/2018,765.07
9/1/2018,763.67
8/1/2018,758.14
5/1/2018,757.1
4/1/2018,754.7
3/1/2018,750.13
29/12/2017,736.6
28/12/2017,734.71
27/12/2017,734.74
22/12/2017,740.34
21/12/2017,740.34
20/12/2017,740.03
19/12/2017,737.12
18/12/2017,728.72
15/12/2017,723.01
14/12/2017,720.95
13/12/2017,716.8
12/12/2017,721.67
11/12/2017,724.62
8/12/2017,730.56
7/12/2017,729.35
6/12/2017,728.93
5/12/2017,733.47
4/12/2017,737.33
29/11/2017,736.59
28/11/2017,736.72
27/11/2017,731.6
24/11/2017,735.93
23/11/2017,735.31
22/11/2017,736.6
21/11/2017,740.99
20/11/2017,736.45
17/11/2017,733.71
16/11/2017,728.36
15/11/2017,731.41
14/11/2017,739.07
13/11/2017,731.91
10/11/2017,734.11
9/11/2017,731.68
8/11/2017,732.24
7/11/2017,729.83
6/11/2017,730.08
3/11/2017,726.43
2/11/2017,727.53
1/11/2017,728.19
31/10/2017,731.31
30/10/2017,731.46
27/10/2017,731.66
26/10/2017,733.08
25/10/2017,733.19
24/10/2017,734.31
23/10/2017,734.46
20/10/2017,737.93
19/10/2017,743.68
18/10/2017,747.89
17/10/2017,748.46
16/10/2017,745.69
13/10/2017,745.66
12/10/2017,741.47
11/10/2017,741.33
10/10/2017,743.31
9/10/2017,743.22
6/10/2017,742
5/10/2017,735.33
4/10/2017,735.31
3/10/2017,735.7
2/10/2017,736.78
29/09/2017,736.27
28/09/2017,740.86
27/09/2017,738.92
26/09/2017,741.35
25/09/2017,737.46
22/09/2017,734.67
21/09/2017,737.7
20/09/2017,740.72
19/09/2017,745.29
18/09/2017,746.6
15/09/2017,745.83
14/09/2017,747.54
13/09/2017,747.79
12/9/2017,744.92
11/9/2017,747.28
8/9/2017,731.12
7/9/2017,739.01
6/9/2017,741.39
5/9/2017,743.13
4/9/2017,740.68
1/9/2017,747.61
31/08/2017,742.37
30/08/2017,756.2
29/08/2017,762.08
28/08/2017,767.11
25/08/2017,767.15
24/08/2017,764.28
23/08/2017,764.21
22/08/2017,763.57
21/08/2017,760.47
18/08/2017,759.56
17/08/2017,761.49
16/08/2017,756.93
14/08/2017,760.41
11/8/2017,758.73
10/8/2017,760.81
9/8/2017,766.01
8/8/2017,770.61
7/8/2017,760.59
4/8/2017,756.3
3/8/2017,756.77
2/8/2017,752.97
1/8/2017,752.18
31/07/2017,751.49
28/07/2017,753.37
27/07/2017,755.2
26/07/2017,755.17
25/07/2017,755.62
24/07/2017,756.3
21/07/2017,759.01
20/07/2017,758.25
19/07/2017,749.78
18/07/2017,744.93
17/07/2017,739.93
14/07/2017,738.48
13/07/2017,740.63
12/7/2017,741.44
11/7/2017,740.05
10/7/2017,735.86
7/7/2017,730.95
6/7/2017,733.91
5/7/2017,738.62
4/7/2017,721.57
3/7/2017,715.31
30/06/2017,715.28
29/06/2017,714.59
28/06/2017,741.95
27/06/2017,744.74
26/06/2017,748.3
23/06/2017,757.12
22/06/2017,755.6
21/06/2017,759.34
20/06/2017,759.62
19/06/2017,762.57
16/06/2017,767.17
15/06/2017,762.05
14/06/2017,768.05
13/06/2017,764.87
12/6/2017,764.14
9/6/2017,769.31
8/6/2017,779.75
7/6/2017,780.46
6/6/2017,782.27
31/05/2017,787.04
30/05/2017,779.92
29/05/2017,778.69
26/05/2017,775.45
25/05/2017,770.99
24/05/2017,767.7
23/05/2017,764.58
22/05/2017,763.98
19/05/2017,762.2
18/05/2017,757.3
17/05/2017,759.38
16/05/2017,759.97
15/05/2017,760.34
12/5/2017,756.09
11/5/2017,751.25
10/5/2017,746.59
9/5/2017,745.55
8/5/2017,743.62
5/5/2017,743.32
4/5/2017,738.54
3/5/2017,735.65
2/5/2017,737.29
28/04/2017,737.4
27/04/2017,733.74
26/04/2017,738.85
25/04/2017,740.32
24/04/2017,742.6
21/04/2017,738.06
20/04/2017,736.57
19/04/2017,734.97
18/04/2017,737.93
14/04/2017,739.72
13/04/2017,739.54
12/4/2017,736.52
11/4/2017,735.18
10/4/2017,737.27
7/4/2017,737.25
6/4/2017,734.9
5/4/2017,736.45
4/4/2017,733.68
3/4/2017,732.78
31/03/2017,726.94
30/03/2017,722.74
29/03/2017,716.61
28/03/2017,717.44
27/03/2017,717.81
24/03/2017,720.13
23/03/2017,718.49
22/03/2017,718.45
21/03/2017,719.12
20/03/2017,718.81
17/03/2017,718.96
16/03/2017,715.76
15/03/2017,717.02
14/03/2017,709.94
13/03/2017,710.1
10/3/2017,710.6
9/3/2017,707.63
8/3/2017,710.53
7/3/2017,710.97
6/3/2017,712.37
3/3/2017,715.97
2/3/2017,715.16
1/3/2017,721.75
28/02/2017,716.17
27/02/2017,718.73
24/02/2017,715.9
23/02/2017,722.92
22/02/2017,721.64
21/02/2017,712.18
20/02/2017,703.13
17/02/2017,699.42
16/02/2017,697.39
15/02/2017,694.9
14/02/2017,689.98
13/02/2017,693.04
10/2/2017,695.52
9/2/2017,691.48
8/2/2017,688.47
7/2/2017,690.63
6/2/2017,687.05
3/2/2017,677.96
2/2/2017,676.57
1/2/2017,680.81
31/01/2017,680.94
30/01/2017,678.43
27/01/2017,679.6
26/01/2017,671.7
25/01/2017,670.46
23/01/2017,660.12
20/01/2017,661.76
19/01/2017,655.83
18/01/2017,651.98
17/01/2017,651.59
16/01/2017,650.5
13/01/2017,650.43
12/1/2017,652.87
11/1/2017,659.54
10/1/2017,660.01
9/1/2017,660.58
6/1/2017,657.46
5/1/2017,655.5
4/1/2017,656.73
3/1/2017,651.28
30/12/2016,643.44
29/12/2016,641.97
28/12/2016,637.47
27/12/2016,636.93
23/12/2016,636.29
22/12/2016,636.24
21/12/2016,635.98
20/12/2016,635.86
19/12/2016,638.72
16/12/2016,638.56
15/12/2016,633.57
14/12/2016,633.81
13/12/2016,632.26
12/12/2016,629.67
9/12/2016,625.15
8/12/2016,623.04
7/12/2016,623.97
6/12/2016,624.09
5/12/2016,626.65
2/12/2016,629.22
29/11/2016,619.73
28/11/2016,615.71
25/11/2016,619.45
24/11/2016,619.11
23/11/2016,619.52
22/11/2016,620.97
21/11/2016,620.17
18/11/2016,619.08
17/11/2016,621.9
16/11/2016,620.66
15/11/2016,623.13
14/11/2016,620.97
11/11/2016,620.84
10/11/2016,620.13
9/11/2016,614.6
8/11/2016,616.43
7/11/2016,616.9
4/11/2016,613.9
3/11/2016,616.41
2/11/2016,614.87
1/11/2016,619.04
31/10/2016,616.6
28/10/2016,618.61
27/10/2016,619.04
26/10/2016,614.32
25/10/2016,615.35
24/10/2016,620.29
21/10/2016,621.12
20/10/2016,624.64
19/10/2016,622.66
18/10/2016,619.82
17/10/2016,620.7
14/10/2016,622.83
13/10/2016,619.43
12/10/2016,624.77
11/10/2016,625.55
10/10/2016,624.46
7/10/2016,627.37
6/10/2016,627.63
5/10/2016,629.18
4/10/2016,631.81
3/10/2016,629.84
30/09/2016,627.77
29/09/2016,631.32
28/09/2016,628.41
27/09/2016,625.97
26/09/2016,629.16
23/09/2016,633.07
22/09/2016,637.25
21/09/2016,636.09
20/09/2016,632.02
19/09/2016,630.99
16/09/2016,631.6
15/09/2016,628.93
14/09/2016,628.21
13/09/2016,629.3
12/9/2016,626.28
9/9/2016,636.34
8/9/2016,640.06
7/9/2016,641.4
6/9/2016,637.42
5/9/2016,636.67
2/9/2016,635.07
1/9/2016,636.85
31/08/2016,637.4
30/08/2016,636.01
29/08/2016,633.17
26/08/2016,631.62
25/08/2016,629.51
24/08/2016,628.13
23/08/2016,622.68
22/08/2016,621.29
19/08/2016,623.71
18/08/2016,622.51
17/08/2016,619.54
16/08/2016,620.22
12/8/2016,614.28
11/8/2016,617.75
10/8/2016,617.44
9/8/2016,621.4
8/8/2016,618.61
5/8/2016,610.84
4/8/2016,607.24
3/8/2016,604.08
2/8/2016,605.41
1/8/2016,610
29/07/2016,608.48
28/07/2016,606.23
27/07/2016,607.65
26/07/2016,601.47
25/07/2016,601.06
22/07/2016,600.32
21/07/2016,599.8
20/07/2016,602.06
19/07/2016,600.29
18/07/2016,598.77
15/07/2016,597.93
14/07/2016,594.87
13/07/2016,595.07
12/7/2016,591.9
11/7/2016,590.56
8/7/2016,587.44
7/7/2016,586.89
6/7/2016,582.75
5/7/2016,589.27
4/7/2016,588.06
1/7/2016,587.29
30/06/2016,586.39
29/06/2016,588.33
28/06/2016,582.81
27/06/2016,567.12
24/06/2016,566.29
23/06/2016,585.97
22/06/2016,586.47
21/06/2016,586.48
17/06/2016,583.89
16/06/2016,581.43
15/06/2016,586.17
14/06/2016,578.12
13/06/2016,577.63
10/6/2016,578.16
9/6/2016,587.17
8/6/2016,599.01
7/6/2016,596.34
6/6/2016,590.66
3/6/2016,589.07
2/6/2016,589.4
1/6/2016,580.76
31/05/2016,572.95
30/05/2016,571.09
27/05/2016,577.85
26/05/2016,575.13
25/05/2016,572.8
24/05/2016,573.12
23/05/2016,571.04
20/05/2016,569.63
19/05/2016,570.04
18/05/2016,575.33
17/05/2016,574.06
16/05/2016,577.55
13/05/2016,579.19
12/5/2016,578.47
11/5/2016,579.1
10/5/2016,580.91
9/5/2016,580.34
6/5/2016,579.41
5/5/2016,581.88
4/5/2016,578.15
3/5/2016,577.22
29/04/2016,581.54
28/04/2016,589.41
27/04/2016,589.13
26/04/2016,593.73
25/04/2016,594.24
22/04/2016,593.69
21/04/2016,592.48
20/04/2016,595.15
19/04/2016,600.67
18/04/2016,599.69
15/04/2016,603.58
14/04/2016,608.79
13/04/2016,609.85
12/4/2016,607.79
11/4/2016,608.35
8/4/2016,609.54
7/4/2016,609.09
6/4/2016,606.77
5/4/2016,605.75
4/4/2016,610.24
1/4/2016,608.25
31/03/2016,611.3
30/03/2016,608.3
29/03/2016,607.8
28/03/2016,612.48
25/03/2016,612.9
24/03/2016,610.57
23/03/2016,613.53
22/03/2016,614.44
21/03/2016,615.31
18/03/2016,618.92
17/03/2016,613.73
16/03/2016,608.97
15/03/2016,604.39
14/03/2016,606.73
11/3/2016,603.43
10/3/2016,603.65
9/3/2016,605.17
8/3/2016,606.85
7/3/2016,603.04
4/3/2016,597.9
3/3/2016,598.47
2/3/2016,595.83
1/3/2016,592.85
29/02/2016,583.27
26/02/2016,591.77
25/02/2016,580.64
24/02/2016,571.43
23/02/2016,579.92
22/02/2016,577.71
19/02/2016,572.45
18/02/2016,567.32
17/02/2016,564.97
16/02/2016,559.67
15/02/2016,561.94
12/2/2016,556.1
11/2/2016,553.96
10/2/2016,562.66
9/2/2016,566.37
8/2/2016,573.46
5/2/2016,586.25
4/2/2016,586.88
3/2/2016,578.84
2/2/2016,579.42
1/2/2016,580.9
29/01/2016,576.7
28/01/2016,573.89
27/01/2016,574.41
26/01/2016,573.18
25/01/2016,573.72
22/01/2016,582.69
21/01/2016,570.72
20/01/2016,553.6
19/01/2016,565.95
18/01/2016,551.59
15/01/2016,581.27
14/01/2016,589.46
13/01/2016,603.72
12/1/2016,603.44
11/1/2016,606.38
8/1/2016,615.32
7/1/2016,619.61
6/1/2016,624.17
5/1/2016,629.5
4/1/2016,631.98
30/12/2015,640.42
29/12/2015,637.94
28/12/2015,639.23
23/12/2015,638.12
22/12/2015,635.37
21/12/2015,631.34
18/12/2015,623.7
17/12/2015,623.93
16/12/2015,623.44
15/12/2015,628.09
14/12/2015,629.87
11/12/2015,634.95
10/12/2015,642.51
9/12/2015,643.08
8/12/2015,645.17
7/12/2015,647.25
4/12/2015,641.15
3/12/2015,641.23
2/12/2015,638.85
27/11/2015,641.78
26/11/2015,651.63
25/11/2015,651.65
24/11/2015,660.24
23/11/2015,663.59
20/11/2015,659.36
19/11/2015,657.41
18/11/2015,654.27
17/11/2015,656.18
16/11/2015,653.34
13/11/2015,662.23
12/11/2015,664.69
11/11/2015,662.16
10/11/2015,662.84
9/11/2015,663.11
6/11/2015,665.43
5/11/2015,662.43
4/11/2015,667.68
3/11/2015,667.9
2/11/2015,658.81
30/10/2015,655.76
29/10/2015,651.69
28/10/2015,647.23
27/10/2015,645.23
26/10/2015,649.42
23/10/2015,649.1
22/10/2015,642.08
21/10/2015,641.49
20/10/2015,640.64
19/10/2015,647.02
16/10/2015,647.61
15/10/2015,647.52
14/10/2015,649.04
13/10/2015,648.38
12/10/2015,651.38
9/10/2015,651.06
8/10/2015,644.64
7/10/2015,641.03
6/10/2015,639.8
5/10/2015,645.13
2/10/2015,644.87
1/10/2015,640.96
30/09/2015,639.36
29/09/2015,644.14
28/09/2015,645.82
25/09/2015,655.89
24/09/2015,649.15
23/09/2015,651.45
22/09/2015,648.28
21/09/2015,656.08
18/09/2015,647.37
17/09/2015,649.99
16/09/2015,648.73
15/09/2015,647.34
14/09/2015,651.35
11/9/2015,649.66
10/9/2015,652.93
9/9/2015,655.87
8/9/2015,648.35
7/9/2015,644.49
4/9/2015,645.63
3/9/2015,646.99
2/9/2015,640.96
1/9/2015,636.9
31/08/2015,640.3
28/08/2015,641.99
27/08/2015,647.15
26/08/2015,641.37
25/08/2015,645.67
24/08/2015,626.36
21/08/2015,667.97
20/08/2015,675.43
19/08/2015,680.22
18/08/2015,678.6
17/08/2015,678.74
14/08/2015,686.9
13/08/2015,687.81
12/8/2015,684.69
11/8/2015,695.48
10/8/2015,698.19
7/8/2015,695.04
6/8/2015,694.53
5/8/2015,694.07
4/8/2015,693.73
3/8/2015,687.54
31/07/2015,692.44
30/07/2015,692.25
29/07/2015,688.13
28/07/2015,687.22
27/07/2015,684.56
24/07/2015,686.14
23/07/2015,685.34
22/07/2015,685
21/07/2015,687.85
20/07/2015,691.71
17/07/2015,690.48
16/07/2015,684.16
15/07/2015,676.94
14/07/2015,669.79
13/07/2015,668.83
10/7/2015,660.62
9/7/2015,651.42
8/7/2015,651.26
7/7/2015,654.68
6/7/2015,655.36
3/7/2015,658.72
2/7/2015,663.32
1/7/2015,668.24
30/06/2015,660.89
29/06/2015,657.74
26/06/2015,662.96
25/06/2015,657.45
24/06/2015,656.53
23/06/2015,655.36
22/06/2015,659.59
19/06/2015,659.87
18/06/2015,659.41
17/06/2015,659.24
16/06/2015,655.94
15/06/2015,661.9
12/6/2015,667.52
11/6/2015,665.34
10/6/2015,668.99
9/6/2015,668.91
8/6/2015,669.56
5/6/2015,673.05
4/6/2015,676.29
3/6/2015,680.63
2/6/2015,680.7
29/05/2015,677.56
28/05/2015,671.12
27/05/2015,671.19
26/05/2015,672.56
25/05/2015,673.27
22/05/2015,674.27
21/05/2015,674.51
20/05/2015,675.07
19/05/2015,677.98
18/05/2015,675.47
15/05/2015,672.62
14/05/2015,674.76
13/05/2015,678.64
12/5/2015,680.45
11/5/2015,681.37
8/5/2015,683.22
7/5/2015,681.3
6/5/2015,680.58
5/5/2015,684.57
4/5/2015,683.86
30/04/2015,679.88
29/04/2015,674.89
28/04/2015,677.75
27/04/2015,682.41
24/04/2015,681.12
23/04/2015,678.67
22/04/2015,673.31
21/04/2015,676.82
20/04/2015,676.83
17/04/2015,680.9
16/04/2015,671.84
15/04/2015,666.27
14/04/2015,665.25
10/4/2015,658.18
9/4/2015,654.18
8/4/2015,644.62
7/4/2015,638.09
6/4/2015,635.03
3/4/2015,633.54
2/4/2015,643.37
1/4/2015,640.94
31/03/2015,640.73
30/03/2015,639.88
27/03/2015,635.17
26/03/2015,635.57
25/03/2015,635.54
24/03/2015,635.79
23/03/2015,635.7
20/03/2015,628.37
19/03/2015,633.27
18/03/2015,631.51
17/03/2015,635.39
16/03/2015,638.66
13/03/2015,639.29
12/3/2015,645.59
11/3/2015,640.64
10/3/2015,643.64
9/3/2015,646.89
6/3/2015,650.72
5/3/2015,651.86
4/3/2015,653.48
3/3/2015,652.63
2/3/2015,653.26
27/02/2015,649.74
26/02/2015,653.39
25/02/2015,658.92
24/02/2015,664.31
23/02/2015,664.83
20/02/2015,661.16
19/02/2015,659.63
18/02/2015,661.76
17/02/2015,654.63
16/02/2015,657.04
13/02/2015,653.1
12/2/2015,652.15
11/2/2015,649.14
10/2/2015,644.87
9/2/2015,637.89
6/2/2015,641.4
5/2/2015,641.41
4/2/2015,642.19
3/2/2015,638.33
2/2/2015,636.46
30/01/2015,638.04
29/01/2015,635.78
28/01/2015,635.1
27/01/2015,630.86
26/01/2015,635.75
23/01/2015,639.98
22/01/2015,637.49
21/01/2015,633.38
20/01/2015,633.01
19/01/2015,629.14
16/01/2015,630.98
15/01/2015,627.35
14/01/2015,633.5
13/01/2015,636.49
12/1/2015,634.08
9/1/2015,634.54
8/1/2015,637.84
7/1/2015,632.45
6/1/2015,625.57
5/1/2015,630.25
30/12/2014,638.26
29/12/2014,632.91
23/12/2014,624.83
22/12/2014,626.73
19/12/2014,617.44
18/12/2014,607.5
17/12/2014,590.34
16/12/2014,600.07
15/12/2014,605.7
12/12/2014,608.12
11/12/2014,614.05
10/12/2014,625.89
9/12/2014,628.49
8/12/2014,636.9
5/12/2014,638.98
4/12/2014,634.75
3/12/2014,629.85
2/12/2014,627.46
28/11/2014,627.9
27/11/2014,630.01
26/11/2014,629.51
25/11/2014,630.92
24/11/2014,627.92
21/11/2014,628.84
20/11/2014,625.05
19/11/2014,628.58
18/11/2014,628.62
17/11/2014,630.14
14/11/2014,629.78
13/11/2014,628.74
12/11/2014,630.39
11/11/2014,630.52
10/11/2014,633.83
7/11/2014,634.54
6/11/2014,631.27
5/11/2014,629.41
4/11/2014,632.26
3/11/2014,633.65
31/10/2014,634.33
30/10/2014,630.34
29/10/2014,631.32
28/10/2014,634.1
27/10/2014,634.19
24/10/2014,634.14
23/10/2014,635.57
22/10/2014,628.27
21/10/2014,623.22
20/10/2014,616.45
17/10/2014,614.46
16/10/2014,604.21
15/10/2014,621.34
14/10/2014,625.83
13/10/2014,629.65
10/10/2014,632.25
9/10/2014,642.76
8/10/2014,644.13
7/10/2014,651.51
6/10/2014,648.6
3/10/2014,648.22
2/10/2014,646.1
1/10/2014,650.61
30/09/2014,649.56
29/09/2014,643.32
26/09/2014,640.92
25/09/2014,643.82
24/09/2014,643.04
23/09/2014,644.24
22/09/2014,647.21
19/09/2014,645.05
18/09/2014,645.7
17/09/2014,643.07
16/09/2014,637.58
15/09/2014,639.92
12/9/2014,638.11
11/9/2014,637.72
10/9/2014,641.59
9/9/2014,640.48
8/9/2014,640.56
5/9/2014,641.61
4/9/2014,642.59
3/9/2014,641.94
2/9/2014,639.49
1/9/2014,638.53
29/08/2014,642.34
28/08/2014,634.99
27/08/2014,634.88
26/08/2014,633.95
25/08/2014,633.6
22/08/2014,632.43
21/08/2014,636.56
20/08/2014,635.15
19/08/2014,633.16
18/08/2014,635.28
14/08/2014,629.87
13/08/2014,631.12
12/8/2014,628.19
11/8/2014,626.75
8/8/2014,623.89
7/8/2014,625.25
6/8/2014,627.68
5/8/2014,629.52
4/8/2014,627.62
1/8/2014,626.3
31/07/2014,625.36
30/07/2014,626.55
29/07/2014,623.24
28/07/2014,623.35
25/07/2014,628.04
24/07/2014,627.59
23/07/2014,624.61
22/07/2014,622.15
21/07/2014,618.95
18/07/2014,617.14
17/07/2014,621.72
16/07/2014,623.47
15/07/2014,621.71
14/07/2014,623.76
11/7/2014,616.68
10/7/2014,611.51
9/7/2014,617.1
8/7/2014,621.59
7/7/2014,626.68
4/7/2014,631.2
3/7/2014,635.47
2/7/2014,636.44
1/7/2014,631.05
30/06/2014,630.78
27/06/2014,618.39
26/06/2014,615.58
25/06/2014,615.7
24/06/2014,612.67
23/06/2014,607.64
20/06/2014,605.92
19/06/2014,605.18
18/06/2014,606.99
17/06/2014,604.39
16/06/2014,612.83
13/06/2014,616.21
12/6/2014,616.81
11/6/2014,606.32
10/6/2014,603.88
6/6/2014,600.42
5/6/2014,597.34
4/6/2014,597.82
3/6/2014,598.83
2/6/2014,602.54
30/05/2014,604.34
29/05/2014,598.97
28/05/2014,591.51
27/05/2014,591.26
26/05/2014,590.03
23/05/2014,587.07
22/05/2014,580.46
21/05/2014,577.34
20/05/2014,583.45
19/05/2014,584.46
16/05/2014,582.62
15/05/2014,580.48
14/05/2014,580.88
13/05/2014,590.32
12/5/2014,591.19
9/5/2014,590.43
8/5/2014,586.47
7/5/2014,579.56
6/5/2014,575.59
5/5/2014,574.44
2/5/2014,578.69
30/04/2014,578.01
29/04/2014,569.17
28/04/2014,571.18
25/04/2014,577.27
24/04/2014,582.6
23/04/2014,586.39
22/04/2014,587.24
18/04/2014,585.92
17/04/2014,585.56
16/04/2014,586.81
15/04/2014,586.58
14/04/2014,579.46
11/4/2014,579.59
10/4/2014,582.65
9/4/2014,581.76
8/4/2014,580.9
7/4/2014,585.22
4/4/2014,585.49
3/4/2014,585.64
2/4/2014,584.22
1/4/2014,579.22
31/03/2014,576.53
28/03/2014,576.64
27/03/2014,577.66
26/03/2014,576.87
25/03/2014,571.61
24/03/2014,573.46
21/03/2014,572.78
20/03/2014,577.27
19/03/2014,576.05
18/03/2014,577.84
17/03/2014,574.79
14/03/2014,564.6
13/03/2014,572.33
12/3/2014,575.32
11/3/2014,582.8
10/3/2014,581.76
7/3/2014,586.95
6/3/2014,588.95
5/3/2014,583.03
4/3/2014,578.81
3/3/2014,568.05
28/02/2014,592.39
27/02/2014,586.99
26/02/2014,586.69
25/02/2014,596.77
24/02/2014,597.31
21/02/2014,598.61
20/02/2014,592.99
19/02/2014,595.08
18/02/2014,595.41
17/02/2014,595.19
14/02/2014,591.9
13/02/2014,591.61
12/2/2014,590.04
11/2/2014,591.09
10/2/2014,590.22
7/2/2014,593.01
6/2/2014,593.17
5/2/2014,585.75
4/2/2014,586.15
3/2/2014,591.3
31/01/2014,587.41
30/01/2014,593.83
29/01/2014,596.73
28/01/2014,601.53
27/01/2014,600.02
24/01/2014,602.6
23/01/2014,610.8
22/01/2014,613.12
21/01/2014,612.06
20/01/2014,611.23
17/01/2014,611.55
16/01/2014,608.47
15/01/2014,608.12
14/01/2014,605.35
13/01/2014,610.26
10/1/2014,609.75
9/1/2014,606.81
8/1/2014,605.54
7/1/2014,600.83
6/1/2014,597.15
3/1/2014,599.67
30/12/2013,600.27
27/12/2013,598.13
23/12/2013,592.3
20/12/2013,588.9
19/12/2013,587.96
18/12/2013,579.95
17/12/2013,580.02
16/12/2013,580.16
13/12/2013,579.12
12/12/2013,577.15
11/12/2013,576.05
10/12/2013,574.53
9/12/2013,585.66
6/12/2013,586.39
5/12/2013,585.46
4/12/2013,584.63
3/12/2013,588.23
2/12/2013,589.68
29/11/2013,583.91
28/11/2013,578.01
27/11/2013,572.91
26/11/2013,566.4
25/11/2013,566.59
22/11/2013,562.62
21/11/2013,560.63
20/11/2013,560.06
19/11/2013,560.55
18/11/2013,555.7
15/11/2013,555.06
14/11/2013,552.95
13/11/2013,549.69
12/11/2013,557.93
11/11/2013,557.92
8/11/2013,558.78
7/11/2013,562.19
6/11/2013,565.11
5/11/2013,560.79
4/11/2013,558.25
1/11/2013,551.33
31/10/2013,544.68
30/10/2013,542.15
29/10/2013,540.79
28/10/2013,532.02
25/10/2013,535.05
24/10/2013,533.78
23/10/2013,529.91
22/10/2013,529.76
21/10/2013,531.02
18/10/2013,535.41
17/10/2013,539.56
16/10/2013,540.4
15/10/2013,537.52
14/10/2013,535.38
11/10/2013,537.87
10/10/2013,541.08
9/10/2013,535.68
8/10/2013,538.03
7/10/2013,540.57
4/10/2013,544.88
3/10/2013,543.15
2/10/2013,541.63
1/10/2013,540.23
30/09/2013,542.63
27/09/2013,545.06
26/09/2013,545.07
25/09/2013,545.21
24/09/2013,534.35
23/09/2013,534.98
20/09/2013,530.69
19/09/2013,532.2
18/09/2013,526.4
17/09/2013,525.9
16/09/2013,527.65
13/09/2013,529.02
12/9/2013,523.21
11/9/2013,520.74
10/9/2013,517.86
9/9/2013,515.64
6/9/2013,516.37
5/9/2013,517.87
4/9/2013,517.73
3/9/2013,520.84
2/9/2013,525.68
30/08/2013,521.44
29/08/2013,521.11
28/08/2013,520.04
27/08/2013,524.7
26/08/2013,532.47
23/08/2013,535.43
22/08/2013,534.5
21/08/2013,529.99
20/08/2013,530.71
19/08/2013,533.13
16/08/2013,529.07
14/08/2013,529.1
13/08/2013,528.11
12/8/2013,520.2
9/8/2013,520.39
8/8/2013,523.79
7/8/2013,517.75
6/8/2013,506.06
5/8/2013,501.46
2/8/2013,495.95
1/8/2013,494.58
31/07/2013,488.25
30/07/2013,487.92
29/07/2013,486.56
26/07/2013,487.6
25/07/2013,485.64
24/07/2013,489.56
23/07/2013,490.46
22/07/2013,488.34
19/07/2013,491.45
18/07/2013,492.89
17/07/2013,491.45
16/07/2013,493.61
15/07/2013,496.11
12/7/2013,494.8
11/7/2013,492.39
10/7/2013,490.56
9/7/2013,488.95
8/7/2013,486.68
5/7/2013,483.38
4/7/2013,482.19
3/7/2013,480.7
2/7/2013,482.25
1/7/2013,485
28/06/2013,482.5
27/06/2013,483.89
26/06/2013,479.64
25/06/2013,481.13
21/06/2013,487.62
20/06/2013,487.97
19/06/2013,493.09
18/06/2013,494.01
17/06/2013,494.36
14/06/2013,491.77
13/06/2013,490.76
12/6/2013,493.65
11/6/2013,492.94
10/6/2013,494.37
7/6/2013,489.42
6/6/2013,488.94
5/6/2013,492.46
4/6/2013,498.09
3/6/2013,496.54
31/05/2013,494.51
30/05/2013,500.18
29/05/2013,501.3
28/05/2013,503.17
27/05/2013,502.46
24/05/2013,498.95
23/05/2013,494.04
22/05/2013,498.06
21/05/2013,489.51
20/05/2013,491.19
17/05/2013,491.26
16/05/2013,494.67
15/05/2013,492.59
14/05/2013,486.16
13/05/2013,484.84
10/5/2013,479.95
9/5/2013,482.39
8/5/2013,478.29
7/5/2013,482.58
3/5/2013,486.42
2/5/2013,485.48
30/04/2013,486.44
29/04/2013,488.09
26/04/2013,486.29
25/04/2013,484.62
24/04/2013,489.54
23/04/2013,491.35
22/04/2013,496.22
19/04/2013,496.89
18/04/2013,497.39
17/04/2013,505.91
16/04/2013,509.28
15/04/2013,503.32
12/4/2013,510.69
11/4/2013,511.4
10/4/2013,511.64
9/4/2013,517.66
8/4/2013,519.18
5/4/2013,523.51
4/4/2013,528.62
3/4/2013,530.42
2/4/2013,530.9
1/4/2013,527.65
29/03/2013,526.47
28/03/2013,529.13
27/03/2013,529.43
26/03/2013,534.44
25/03/2013,531.39
22/03/2013,531.33
21/03/2013,535.09
20/03/2013,539.09
19/03/2013,539.24
18/03/2013,535.24
15/03/2013,541.3
14/03/2013,543.06
13/03/2013,541.06
12/3/2013,540.48
11/3/2013,537.28
8/3/2013,539.18
7/3/2013,536.21
6/3/2013,534.4
5/3/2013,530.62
4/3/2013,526.71
1/3/2013,528.54
28/02/2013,530.7
27/02/2013,527.1
26/02/2013,522.53
25/02/2013,523.73
22/02/2013,522.83
21/02/2013,520.01
20/02/2013,522.89
19/02/2013,519.09
18/02/2013,518.22
15/02/2013,517.46
14/02/2013,515.74
13/02/2013,517.27
12/2/2013,518.95
11/2/2013,523.47
8/2/2013,523.21
7/2/2013,524.81
6/2/2013,525.64
5/2/2013,527.01
4/2/2013,524.95
1/2/2013,525.32
31/01/2013,517.47
30/01/2013,520.52
29/01/2013,520.93
28/01/2013,523.73
25/01/2013,526.56
24/01/2013,524.55
23/01/2013,524.87
22/01/2013,521.69
21/01/2013,526.48
18/01/2013,531.65
17/01/2013,530.9
16/01/2013,530.99
15/01/2013,526.53
14/01/2013,529.14
11/1/2013,524.98
10/1/2013,523.54
9/1/2013,520.75
8/1/2013,517.34
7/1/2013,508.47
4/1/2013,513.21
3/1/2013,501.73
28/12/2012,486.44
27/12/2012,486.2
21/12/2012,474.11
20/12/2012,469.46
19/12/2012,468.34
18/12/2012,465.57
17/12/2012,461.22
14/12/2012,460.61
13/12/2012,461.97
12/12/2012,462.91
11/12/2012,456.78
10/12/2012,453.16
7/12/2012,453.26
6/12/2012,455.55
5/12/2012,454.92
4/12/2012,455.48
3/12/2012,457.35
29/11/2012,454.9
28/11/2012,449.9
27/11/2012,452.01
26/11/2012,450.04
23/11/2012,450.75
22/11/2012,450.36
21/11/2012,450.35
20/11/2012,450.72
19/11/2012,448.72
16/11/2012,447.02
15/11/2012,446.08
14/11/2012,450.05
13/11/2012,450.25
12/11/2012,453.64
9/11/2012,457.08
8/11/2012,457.06
7/11/2012,461.24
6/11/2012,465.84
5/11/2012,465.12
2/11/2012,465.29
1/11/2012,466.25
31/10/2012,465.58
30/10/2012,461.33
29/10/2012,461.42
26/10/2012,461.63
25/10/2012,461.96
24/10/2012,462.19
23/10/2012,459.33
22/10/2012,462.09
19/10/2012,464.46
18/10/2012,467.26
17/10/2012,464.71
16/10/2012,461.21
15/10/2012,453.35
12/10/2012,451.7
11/10/2012,448.41
10/10/2012,451.28
9/10/2012,450.86
8/10/2012,451.25
5/10/2012,454.36
4/10/2012,449.65
3/10/2012,445.92
2/10/2012,450.02
1/10/2012,447.84
28/09/2012,446.64
27/09/2012,447.68
26/09/2012,447.55
25/09/2012,455.51
24/09/2012,454.1
21/09/2012,463.79
20/09/2012,463.51
19/09/2012,467.63
18/09/2012,469.41
17/09/2012,468.51
14/09/2012,468.65
13/09/2012,462.88
12/9/2012,464.37
11/9/2012,461.57
10/9/2012,463.83
7/9/2012,462.69
6/9/2012,452.7
5/9/2012,450.01
4/9/2012,450.14
3/9/2012,451.87
31/08/2012,451.07
30/08/2012,450.11
29/08/2012,450.98
28/08/2012,450.92
27/08/2012,450.94
24/08/2012,451.69
23/08/2012,454.23
22/08/2012,454.45
21/08/2012,454.69
20/08/2012,451.92
17/08/2012,449.5
16/08/2012,446.61
14/08/2012,440.48
13/08/2012,439.04
10/8/2012,433.18
9/8/2012,433.54
8/8/2012,433.66
7/8/2012,436.7
6/8/2012,441.16
3/8/2012,437.1
2/8/2012,434.4
1/8/2012,439.1
31/07/2012,432.2
30/07/2012,429.08
27/07/2012,429.32
26/07/2012,427.86
25/07/2012,424.12
24/07/2012,417.1
23/07/2012,416.89
20/07/2012,430.49
19/07/2012,435.73
18/07/2012,438.79
17/07/2012,437.76
16/07/2012,433.15
13/07/2012,429.09
12/7/2012,426.66
11/7/2012,425.45
10/7/2012,426.49
9/7/2012,421.79
6/7/2012,414.95
5/7/2012,417.35
4/7/2012,420.18
3/7/2012,432.94
2/7/2012,429.33
29/06/2012,416.14
28/06/2012,407.69
27/06/2012,403.96
26/06/2012,400.86
25/06/2012,407.48
22/06/2012,410.66
21/06/2012,413.16
20/06/2012,415.36
19/06/2012,414.35
18/06/2012,416.69
15/06/2012,412.4
14/06/2012,409.15
13/06/2012,407.87
12/6/2012,408.21
11/6/2012,410.43
8/6/2012,402.11
7/6/2012,406.22
6/6/2012,397.83
5/6/2012,392.62
1/6/2012,397.74
31/05/2012,414.98
30/05/2012,417.94
29/05/2012,421.92
28/05/2012,419.69
25/05/2012,421.93
24/05/2012,419.77
23/05/2012,421.82
22/05/2012,425.98
21/05/2012,417.35
18/05/2012,420.3
17/05/2012,427.53
16/05/2012,429.48
15/05/2012,440.36
14/05/2012,445.75
11/5/2012,465.21
10/5/2012,472.09
9/5/2012,484.14
8/5/2012,492.64
7/5/2012,490.21
4/5/2012,493
3/5/2012,495.35
2/5/2012,490.7
30/04/2012,491.42
27/04/2012,490.21
26/04/2012,491.9
25/04/2012,488.22
24/04/2012,486.03
23/04/2012,482.94
20/04/2012,486.02
19/04/2012,483.56
18/04/2012,487.85
17/04/2012,487.92
13/04/2012,487.5
12/4/2012,482.9
11/4/2012,481.22
10/4/2012,480.46
9/4/2012,483.28
6/4/2012,489.46
5/4/2012,490.08
4/4/2012,493.18
3/4/2012,495.74
2/4/2012,497.18
30/03/2012,497.5
29/03/2012,491.95
28/03/2012,491.76
27/03/2012,491.55
26/03/2012,487.74
23/03/2012,480.2
22/03/2012,480.75
21/03/2012,484.66
20/03/2012,483.11
19/03/2012,485.29
16/03/2012,489.85
15/03/2012,488.89
14/03/2012,487.21
13/03/2012,482.53
12/3/2012,481.65
9/3/2012,497.42
8/3/2012,499.79
7/3/2012,495.62
6/3/2012,502.36
5/3/2012,506.22
2/3/2012,505.95
1/3/2012,503.99
29/02/2012,501.56
28/02/2012,494.1
27/02/2012,491.09
24/02/2012,498
23/02/2012,494.9
22/02/2012,492.21
21/02/2012,487.98
20/02/2012,488.63
17/02/2012,482.96
16/02/2012,480.5
15/02/2012,480.16
14/02/2012,487.22
13/02/2012,488.61
10/2/2012,481.88
9/2/2012,485.7
8/2/2012,477.92
7/2/2012,471.13
6/2/2012,469.34
3/2/2012,474.32
2/2/2012,467.04
1/2/2012,465.31
31/01/2012,458.71
30/01/2012,446.56
27/01/2012,449.3
26/01/2012,441.11
25/01/2012,428.6
24/01/2012,425.85
23/01/2012,424.13
20/01/2012,423.23
19/01/2012,421.48
18/01/2012,418.31
17/01/2012,421.38
16/01/2012,415.11
13/01/2012,413.98
12/1/2012,413.65
11/1/2012,411.51
10/1/2012,407.88
9/1/2012,407.43
6/1/2012,408.26
5/1/2012,405.53
4/1/2012,407.23
30/12/2011,405.62
29/12/2011,401.91
28/12/2011,399.78
27/12/2011,403.77
23/12/2011,405.51
22/12/2011,403.56
21/12/2011,401.45
20/12/2011,396.99
19/12/2011,401.92
16/12/2011,403.63
15/12/2011,409.87
14/12/2011,394.6
13/12/2011,397.46
12/12/2011,395.47
9/12/2011,399.34
8/12/2011,399.51
7/12/2011,399.28
6/12/2011,399.56
5/12/2011,404.94
2/12/2011,402.63
30/11/2011,395.1
29/11/2011,388.27
28/11/2011,390.77
25/11/2011,396.09
24/11/2011,396.62
23/11/2011,400.07
22/11/2011,407.16
21/11/2011,414.03
18/11/2011,422.13
17/11/2011,423.7
16/11/2011,427.74
15/11/2011,423.6
14/11/2011,416.86
11/11/2011,418.07
10/11/2011,412.4
9/11/2011,411.03
8/11/2011,415.79
7/11/2011,410.32
4/11/2011,403.41
3/11/2011,399.85
2/11/2011,397.61
1/11/2011,398.45
31/10/2011,407.65
28/10/2011,415.4
27/10/2011,419.01
26/10/2011,399.25
25/10/2011,398.71
24/10/2011,401.03
21/10/2011,399.85
20/10/2011,393.84
19/10/2011,395.48
18/10/2011,392.65
17/10/2011,396.28
14/10/2011,394.13
13/10/2011,391.52
12/10/2011,395.41
11/10/2011,395.14
10/10/2011,395.55
7/10/2011,402.56
6/10/2011,380.57
5/10/2011,374.58
4/10/2011,372.1
3/10/2011,381.67
30/09/2011,390.99
29/09/2011,395.4
28/09/2011,391.51
27/09/2011,395.54
26/09/2011,382.8
23/09/2011,385.63
22/09/2011,393.43
21/09/2011,406.69
20/09/2011,404.96
19/09/2011,403.4
16/09/2011,411.75
15/09/2011,413.92
14/09/2011,408.86
13/09/2011,399.62
12/9/2011,403.58
9/9/2011,419.75
8/9/2011,423.6
7/9/2011,425.65
6/9/2011,411.99
5/9/2011,413.79
2/9/2011,425.1
1/9/2011,434.6
31/08/2011,434.61
30/08/2011,426
29/08/2011,426.24
26/08/2011,414.02
25/08/2011,416.85
24/08/2011,414.79
23/08/2011,410.25
22/08/2011,409.81
19/08/2011,405.04
18/08/2011,413.43
17/08/2011,431.03
16/08/2011,423.89
12/8/2011,422.03
11/8/2011,402.8
10/8/2011,409.43
9/8/2011,402.07
8/8/2011,414.71
5/8/2011,455.26
4/8/2011,475.47
3/8/2011,481.12
2/8/2011,489.42
1/8/2011,497.85
29/07/2011,492.75
28/07/2011,493.6
27/07/2011,493.5
26/07/2011,497.28
25/07/2011,499.3
22/07/2011,501.06
21/07/2011,494.97
20/07/2011,494.35
19/07/2011,493.99
18/07/2011,494.63
15/07/2011,503.51
14/07/2011,502.18
13/07/2011,506.68
12/7/2011,507.56
11/7/2011,513.43
8/7/2011,519.87
7/7/2011,523
6/7/2011,521.23
5/7/2011,524.5
4/7/2011,514.14
1/7/2011,508.58
30/06/2011,508.39
29/06/2011,507.03
28/06/2011,503.36
27/06/2011,500.16
24/06/2011,508.55
23/06/2011,507.41
22/06/2011,513.25
21/06/2011,514
20/06/2011,511.69
17/06/2011,515.87
16/06/2011,511.74
15/06/2011,520.32
14/06/2011,524.07
10/6/2011,516.15
9/6/2011,515.24
8/6/2011,520.04
7/6/2011,518.48
6/6/2011,516.5
3/6/2011,510.65
2/6/2011,513.15
1/6/2011,518.24
31/05/2011,508.43
30/05/2011,504.24
27/05/2011,508.48
26/05/2011,503.19
25/05/2011,498.42
24/05/2011,502.14
23/05/2011,505.85
20/05/2011,515.76
19/05/2011,515.59
18/05/2011,514.5
17/05/2011,515.5
16/05/2011,518.32
13/05/2011,524.16
12/5/2011,521.39
11/5/2011,528.08
10/5/2011,534.86
9/5/2011,538.3
6/5/2011,540.85
5/5/2011,539.24
4/5/2011,540.07
3/5/2011,538.37
2/5/2011,547.62
29/04/2011,551.6
28/04/2011,555.63
27/04/2011,552.47
26/04/2011,549.91
22/04/2011,552.52
21/04/2011,548.96
20/04/2011,553.46
19/04/2011,544.73
18/04/2011,547.3
15/04/2011,554.02
14/04/2011,553.56
13/04/2011,560.79
12/4/2011,557.68
11/4/2011,563.51
8/4/2011,569.69
7/4/2011,564.98
6/4/2011,560
5/4/2011,555.27
4/4/2011,553.46
1/4/2011,560.14
31/03/2011,556.85
30/03/2011,561.22
29/03/2011,555.85
28/03/2011,559.57
25/03/2011,560.82
24/03/2011,545.36
23/03/2011,540.57
22/03/2011,542.21
21/03/2011,536.25
18/03/2011,524.51
17/03/2011,531.71
16/03/2011,528.64
15/03/2011,518.84
14/03/2011,534.86
11/3/2011,532.23
10/3/2011,540.43
9/3/2011,537.88
8/3/2011,529.74
7/3/2011,529.71
4/3/2011,527.68
3/3/2011,527.93
2/3/2011,517.24
1/3/2011,518.07
28/02/2011,523.63
25/02/2011,507.19
24/02/2011,496.77
23/02/2011,505.12
22/02/2011,496.74
21/02/2011,499.87
18/02/2011,503.48
17/02/2011,497.88
16/02/2011,496.18
15/02/2011,498.76
14/02/2011,500.09
11/2/2011,499.92
10/2/2011,505.86
9/2/2011,512.37
8/2/2011,511.06
7/2/2011,507.81
4/2/2011,504.97
3/2/2011,504.44
2/2/2011,508.29
1/2/2011,503.13
31/01/2011,499.94
28/01/2011,507.87
27/01/2011,512.87
26/01/2011,518.66
25/01/2011,522.34
24/01/2011,519.23
21/01/2011,516.27
20/01/2011,520.22
19/01/2011,524.01
18/01/2011,521.2
17/01/2011,519.95
14/01/2011,514.08
13/01/2011,515.26
12/1/2011,513.95
11/1/2011,506.08
10/1/2011,497.72
7/1/2011,494.84
6/1/2011,491.47
5/1/2011,480.6
4/1/2011,481.89
3/1/2011,478.63
30/12/2010,470.61
29/12/2010,465.57
28/12/2010,461.46
27/12/2010,457.51
23/12/2010,460.12
22/12/2010,456.37
21/12/2010,455.49
20/12/2010,455.16
17/12/2010,458.48
16/12/2010,459.55
15/12/2010,460.62
14/12/2010,462.38
13/12/2010,461
10/12/2010,465.35
9/12/2010,463.18
8/12/2010,464.99
7/12/2010,463.34
6/12/2010,457.36
3/12/2010,462.07
2/12/2010,458.1
30/11/2010,452.36
29/11/2010,452.68
26/11/2010,450.76
25/11/2010,451.8
24/11/2010,456.61
23/11/2010,456.45
22/11/2010,458.74
19/11/2010,466.5
18/11/2010,469.29
17/11/2010,467.49
16/11/2010,465.01
15/11/2010,466.12
12/11/2010,466.77
11/11/2010,467.06
10/11/2010,466.74
9/11/2010,474.78
8/11/2010,470.53
5/11/2010,483.51
4/11/2010,479.68
3/11/2010,481.05
2/11/2010,482.16
1/11/2010,487.84
29/10/2010,489.16
28/10/2010,490.28
27/10/2010,486.58
26/10/2010,482.13
25/10/2010,486.98
22/10/2010,486.95
21/10/2010,489.76
20/10/2010,489.18
19/10/2010,489.83
18/10/2010,491.99
15/10/2010,492.48
14/10/2010,489.44
13/10/2010,487.22
12/10/2010,482.18
11/10/2010,483.82
8/10/2010,482.89
7/10/2010,482.82
6/10/2010,481.23
5/10/2010,481.57
4/10/2010,481.76
1/10/2010,486.89
30/09/2010,490.09
29/09/2010,480.17
28/09/2010,479.4
27/09/2010,480.62
24/09/2010,476.35
23/09/2010,473.88
22/09/2010,474.86
21/09/2010,477.12
20/09/2010,469.08
17/09/2010,473.95
16/09/2010,476.8
15/09/2010,473.19
14/09/2010,472.59
13/09/2010,467.88
10/9/2010,467.75
9/9/2010,469.65
8/9/2010,462.79
7/9/2010,463.94
6/9/2010,470.02
3/9/2010,464.71
2/9/2010,465.23
1/9/2010,460.05
31/08/2010,460.85
30/08/2010,466.4
27/08/2010,470.21
26/08/2010,464.32
25/08/2010,460.63
24/08/2010,464.98
23/08/2010,476.54
20/08/2010,477.06
19/08/2010,478.07
18/08/2010,480.03
17/08/2010,484.54
16/08/2010,478.07
13/08/2010,470.07
12/8/2010,467.77
11/8/2010,466.92
10/8/2010,475.66
9/8/2010,483.1
6/8/2010,476.85
5/8/2010,486.44
4/8/2010,486.93
3/8/2010,486.38
2/8/2010,484.99
30/07/2010,466.64
29/07/2010,477.68
28/07/2010,472.78
27/07/2010,477.25
26/07/2010,458.53
23/07/2010,450.03
22/07/2010,445.04
21/07/2010,444.1
20/07/2010,439.6
19/07/2010,444.24
16/07/2010,447.95
15/07/2010,446.4
14/07/2010,441.5
13/07/2010,437.28
12/7/2010,430.61
9/7/2010,441.06
8/7/2010,439.72
7/7/2010,437.64
6/7/2010,441.99
5/7/2010,441.85
2/7/2010,446.15
1/7/2010,432.46
30/06/2010,431.76
29/06/2010,421.97
28/06/2010,438.66
25/06/2010,444.69
24/06/2010,474.45
23/06/2010,480.18
22/06/2010,479.91
21/06/2010,489
18/06/2010,476.93
17/06/2010,484.77
16/06/2010,471.36
15/06/2010,457.34
14/06/2010,436.63
11/6/2010,431.35
10/6/2010,433.19
9/6/2010,429.91
8/6/2010,418.38
7/6/2010,434.84
4/6/2010,443.1
3/6/2010,460.99
2/6/2010,447.33
1/6/2010,443.32
31/05/2010,451.84
28/05/2010,455.19
27/05/2010,453.05
26/05/2010,438.68
25/05/2010,402.37
21/05/2010,456.8
20/05/2010,479.98
19/05/2010,486.52
18/05/2010,490.69
17/05/2010,476.93
14/05/2010,511.73
13/05/2010,526.64
12/5/2010,517.79
11/5/2010,508.54
10/5/2010,532.86
7/5/2010,477.24
6/5/2010,502.9
5/5/2010,507.18
4/5/2010,530.38
3/5/2010,556.39
30/04/2010,562.48
29/04/2010,561.54
28/04/2010,560.41
27/04/2010,570.51
26/04/2010,578.99
23/04/2010,582.15
22/04/2010,570.53
21/04/2010,582.59
20/04/2010,584.41
19/04/2010,590.63
16/04/2010,603.13
15/04/2010,604.93
14/04/2010,601.65
13/04/2010,599.28
12/4/2010,605.29
9/4/2010,608.77
8/4/2010,599.47
7/4/2010,613.5
6/4/2010,602.72
2/4/2010,614.93
1/4/2010,609.11
31/03/2010,593.63
30/03/2010,595.86
29/03/2010,589.58
26/03/2010,591.74
25/03/2010,588.73
24/03/2010,580.68
23/03/2010,589.1
22/03/2010,577.43
19/03/2010,579.1
18/03/2010,585.67
17/03/2010,583.1
16/03/2010,571.55
15/03/2010,563.09
12/3/2010,554.51
11/3/2010,544.92
10/3/2010,544.54
9/3/2010,541.27
8/3/2010,543.74
5/3/2010,542.45
4/3/2010,536.15
3/3/2010,533.99
2/3/2010,532.63
1/3/2010,529.65
26/02/2010,529.99
25/02/2010,529.95
24/02/2010,536.49
23/02/2010,536.37
22/02/2010,542.38
19/02/2010,532.27
18/02/2010,526.89
17/02/2010,527.2
16/02/2010,523.84
15/02/2010,521.2
12/2/2010,515.02
11/2/2010,512.02
10/2/2010,514.44
9/2/2010,501.95
8/2/2010,505.29
5/2/2010,501.87
4/2/2010,519.27
3/2/2010,527.81
2/2/2010,525.68
1/2/2010,521.06
29/01/2010,511.04
28/01/2010,512.69
27/01/2010,496.84
26/01/2010,491.45
25/01/2010,505.91
22/01/2010,501.53
21/01/2010,511.44
20/01/2010,517.31
19/01/2010,514.5
18/01/2010,521.04
15/01/2010,521.58
14/01/2010,513.53
13/01/2010,516.01
12/1/2010,504.05
11/1/2010,509.79
8/1/2010,497.97
7/1/2010,490.83
6/1/2010,485.63
5/1/2010,484.21
4/1/2010,469.22
24/12/2009,461.95
23/12/2009,461.28
22/12/2009,459.04
21/12/2009,466.81
18/12/2009,473.97
17/12/2009,474.08
16/12/2009,484.3
15/12/2009,471.74
14/12/2009,465.88
11/12/2009,459.01
10/12/2009,460.48
9/12/2009,454.85
8/12/2009,462.44
7/12/2009,463.84
4/12/2009,485.11
3/12/2009,483.41
2/12/2009,480.19
30/11/2009,472.25
27/11/2009,468.87
26/11/2009,470.54
25/11/2009,483.5
24/11/2009,481.66
23/11/2009,475.92
20/11/2009,465.76
19/11/2009,464.74
18/11/2009,464.55
17/11/2009,461.54
16/11/2009,468.21
13/11/2009,468.22
12/11/2009,466.65
11/11/2009,455.71
10/11/2009,439.57
9/11/2009,435.38
6/11/2009,423.59
5/11/2009,430.9
4/11/2009,423.92
3/11/2009,418.08
2/11/2009,428.15
30/10/2009,431.26
29/10/2009,432.4
28/10/2009,421.5
27/10/2009,440.61
26/10/2009,454.44
23/10/2009,460.77
22/10/2009,456.1
21/10/2009,457.79
20/10/2009,462.52
19/10/2009,460.2
16/10/2009,449.25
15/10/2009,457.04
14/10/2009,459.05
13/10/2009,439.61
12/10/2009,439.58
9/10/2009,436.66
8/10/2009,436.71
7/10/2009,438.76
6/10/2009,438.66
5/10/2009,424.51
2/10/2009,417.24
1/10/2009,439.15
30/09/2009,448.32
29/09/2009,447.23
28/09/2009,446.77
25/09/2009,447.46
24/09/2009,452.07
23/09/2009,451.87
22/09/2009,450.24
21/09/2009,434.82
18/09/2009,440.07
17/09/2009,439.49
16/09/2009,441.61
15/09/2009,443.97
14/09/2009,429.05
11/9/2009,435.25
10/9/2009,432.31
9/9/2009,435.15
8/9/2009,432.41
7/9/2009,426.25
4/9/2009,410.47
3/9/2009,399.78
2/9/2009,393.61
1/9/2009,407.76
31/08/2009,413.84
28/08/2009,425.17
27/08/2009,424.06
26/08/2009,423.16
25/08/2009,422.18
24/08/2009,417.98
21/08/2009,402.1
20/08/2009,391.45
19/08/2009,379.65
18/08/2009,390.07
17/08/2009,387.33
14/08/2009,406.97
13/08/2009,409.17
12/8/2009,400.35
11/8/2009,403.21
10/8/2009,403.43
7/8/2009,405
6/8/2009,398.16
5/8/2009,384.08
4/8/2009,380.54
3/8/2009,386.08
31/07/2009,373.38
30/07/2009,376
29/07/2009,357.05
28/07/2009,357.97
27/07/2009,364.41
24/07/2009,357.47
23/07/2009,350.74
22/07/2009,344.66
21/07/2009,349.13
20/07/2009,339.54
17/07/2009,327.24
16/07/2009,328.21
15/07/2009,324.27
14/07/2009,316.96
13/07/2009,315.38
10/7/2009,317.36
9/7/2009,323.8
8/7/2009,321.26
7/7/2009,325.92
6/7/2009,324.38
3/7/2009,329.49
2/7/2009,326.57
1/7/2009,328.74
30/06/2009,330.11
29/06/2009,325.96
26/06/2009,327.95
25/06/2009,321.71
24/06/2009,334.47
23/06/2009,320.71
22/06/2009,321.56
19/06/2009,331.25
18/06/2009,323.15
17/06/2009,316.27
16/06/2009,331.96
15/06/2009,342.4
12/6/2009,355.1
11/6/2009,354.81
10/6/2009,351.15
9/6/2009,339.12
5/6/2009,343.53
4/6/2009,336.18
3/6/2009,334.74
2/6/2009,335.89
1/6/2009,334.19
29/05/2009,319.68
28/05/2009,310.98
27/05/2009,303.87
26/05/2009,297.43
25/05/2009,306.89
22/05/2009,306.36
21/05/2009,300.48
20/05/2009,314.12
19/05/2009,312.78
18/05/2009,302.29
15/05/2009,288.95
14/05/2009,280.19
13/05/2009,303.59
12/5/2009,317.15
11/5/2009,330.36
8/5/2009,337.28
7/5/2009,336.82
6/5/2009,318.59
5/5/2009,312.19
4/5/2009,311.02
30/04/2009,316.13
29/04/2009,304.22
28/04/2009,297.08
27/04/2009,299.78
24/04/2009,293.75
23/04/2009,290
22/04/2009,286.99
21/04/2009,275.94
17/04/2009,293.46
16/04/2009,303.35
15/04/2009,276.4
14/04/2009,279.97
13/04/2009,288.2
10/4/2009,291.44
9/4/2009,282.43
8/4/2009,259.87
7/4/2009,248.79
6/4/2009,255.47
3/4/2009,247.47
2/4/2009,243.59
1/4/2009,229.84
31/03/2009,224.76
30/03/2009,215.46
27/03/2009,229.41
26/03/2009,238.49
25/03/2009,230.03
24/03/2009,227.25
23/03/2009,226.42
20/03/2009,215.82
19/03/2009,211.46
18/03/2009,201.04
17/03/2009,201.54
16/03/2009,199.87
13/03/2009,196.52
12/3/2009,190.2
11/3/2009,188.23
10/3/2009,188.5
9/3/2009,182.56
6/3/2009,188.39
5/3/2009,181.44
4/3/2009,186.52
3/3/2009,177.52
2/3/2009,174.99
27/02/2009,175.12
26/02/2009,176.44
25/02/2009,173.58
24/02/2009,173.57
23/02/2009,182.34
20/02/2009,183.54
19/02/2009,193.05
18/02/2009,185.2
17/02/2009,178.38
16/02/2009,194.6
13/02/2009,205.21
12/2/2009,213.02
11/2/2009,214.17
10/2/2009,211.65
9/2/2009,212.15
6/2/2009,211.08
5/2/2009,207.84
4/2/2009,204.3
3/2/2009,211.53
2/2/2009,211.14
30/01/2009,211.76
29/01/2009,220.13
28/01/2009,218.4
27/01/2009,224.92
26/01/2009,226.51
23/01/2009,222.13
22/01/2009,238.48
21/01/2009,243.04
20/01/2009,253.6
19/01/2009,270.48
16/01/2009,277.07
15/01/2009,273.63
14/01/2009,273.53
13/01/2009,278.81
12/1/2009,283.09
9/1/2009,272.66
8/1/2009,266.89
7/1/2009,270.7
6/1/2009,301.39
5/1/2009,285.97
23/12/2008,277.36
22/12/2008,273.8
19/12/2008,273.41
18/12/2008,276.04
17/12/2008,273.61
16/12/2008,276.44
15/12/2008,276.84
12/12/2008,280.8
11/12/2008,285.7
10/12/2008,289.9
9/12/2008,292.26
8/12/2008,293.5
5/12/2008,289.54
4/12/2008,292.5
3/12/2008,292.28
2/12/2008,291.9
28/11/2008,294.5
27/11/2008,294.19
26/11/2008,294.58
25/11/2008,298.58
24/11/2008,288.43
21/11/2008,282.32
20/11/2008,279.34
19/11/2008,290.77
18/11/2008,297.54
17/11/2008,295.04
14/11/2008,303.77
13/11/2008,297.48
12/11/2008,309.7
11/11/2008,316.44
10/11/2008,331.13
7/11/2008,307.16
6/11/2008,297.23
5/11/2008,293.32
4/11/2008,299.56
3/11/2008,276.98
31/10/2008,267.37
30/10/2008,269.41
29/10/2008,265.47
28/10/2008,257.02
27/10/2008,243.66
24/10/2008,264.75
23/10/2008,290.73
22/10/2008,306.21
21/10/2008,327.54
20/10/2008,335.31
17/10/2008,338.21
16/10/2008,353.27
15/10/2008,354.83
14/10/2008,379.15
13/10/2008,340.73
10/10/2008,314.33
9/10/2008,352.62
8/10/2008,363.58
7/10/2008,408.75
6/10/2008,431.72
3/10/2008,464.33
2/10/2008,462.38
1/10/2008,454.81
30/09/2008,445.78
29/09/2008,466.35
26/09/2008,473.9
25/09/2008,485.04
24/09/2008,487.99
23/09/2008,486.63
22/09/2008,501.56
19/09/2008,491.35
18/09/2008,446.61
17/09/2008,470.94
16/09/2008,477.07
15/09/2008,515.68
12/9/2008,538.76
11/9/2008,542.31
10/9/2008,561.43
9/9/2008,574.22
8/9/2008,579.44
5/9/2008,557.03
4/9/2008,582.01
3/9/2008,589.45
2/9/2008,596.75
1/9/2008,576.39
29/08/2008,564.73
28/08/2008,575.07
27/08/2008,568.22
26/08/2008,571.59
25/08/2008,579.76
22/08/2008,586.35
21/08/2008,581.27
20/08/2008,590.5
19/08/2008,604.54
18/08/2008,607.02
15/08/2008,614.48
14/08/2008,612.58
13/08/2008,627.21
12/8/2008,642.76
11/8/2008,658.52
8/8/2008,655.3
7/8/2008,654.18
6/8/2008,634.7
5/8/2008,641.08
4/8/2008,630.92
1/8/2008,628.28
31/07/2008,621.72
30/07/2008,634.24
29/07/2008,613.71
28/07/2008,608.47
25/07/2008,614.41
24/07/2008,624.08
23/07/2008,620.36
22/07/2008,606.47
21/07/2008,625.54
18/07/2008,616.79
17/07/2008,614.58
16/07/2008,593.99
15/07/2008,618.79
14/07/2008,654.14
11/7/2008,657.23
10/7/2008,672.36
9/7/2008,685.14
8/7/2008,665.7
7/7/2008,667.83
4/7/2008,673.39
3/7/2008,682.44
2/7/2008,698.11
1/7/2008,699.91
30/06/2008,721.86
27/06/2008,735.65
26/06/2008,719
25/06/2008,740.99
24/06/2008,748.83
23/06/2008,766.19
20/06/2008,776.01
19/06/2008,790.41
18/06/2008,810.41
17/06/2008,834.21
16/06/2008,822.01
13/06/2008,821.24
12/6/2008,817.22
11/6/2008,824.59
10/6/2008,819.99
9/6/2008,844.05
6/6/2008,855.33
5/6/2008,849.97
4/6/2008,852.76
3/6/2008,873.91
2/6/2008,881.75
30/05/2008,871.11
29/05/2008,860.33
28/05/2008,841.42
27/05/2008,838.65
26/05/2008,821.83
23/05/2008,814.98
22/05/2008,817.31
21/05/2008,830.67
20/05/2008,837.69
19/05/2008,844.43
16/05/2008,840.7
15/05/2008,820.2
14/05/2008,786.29
13/05/2008,763.91
12/5/2008,767.41
9/5/2008,778.63
8/5/2008,794.55
7/5/2008,805.69
6/5/2008,805.06
5/5/2008,809.39
30/04/2008,793.19
29/04/2008,798.97
25/04/2008,783.65
24/04/2008,777.96
23/04/2008,771.77
22/04/2008,775.74
21/04/2008,784.74
18/04/2008,778.11
17/04/2008,773.91
16/04/2008,765.22
15/04/2008,759.53
14/04/2008,753.44
11/4/2008,782.23
10/4/2008,795.99
9/4/2008,807.62
8/4/2008,818.97
7/4/2008,830.61
4/4/2008,809.21
3/4/2008,798.79
2/4/2008,798.71
1/4/2008,789.52
31/03/2008,795.95
28/03/2008,804.2
27/03/2008,793.62
26/03/2008,789.81
25/03/2008,799.44
24/03/2008,795.06
21/03/2008,789.58
20/03/2008,776.92
19/03/2008,830.53
18/03/2008,843.55
17/03/2008,832.11
14/03/2008,856.07
13/03/2008,850.95
12/3/2008,860.29
11/3/2008,848.1
10/3/2008,852.1
7/3/2008,848.56
6/3/2008,867.59
5/3/2008,858.3
4/3/2008,852.81
3/3/2008,840.3
29/02/2008,862.76
28/02/2008,882.65
27/02/2008,892.63
26/02/2008,909.66
25/02/2008,882.7
22/02/2008,838.91
21/02/2008,837.77
20/02/2008,809.39
19/02/2008,805.94
18/02/2008,808.47
15/02/2008,818.71
14/02/2008,834.91
13/02/2008,821.68
12/2/2008,822.54
11/2/2008,826.9
8/2/2008,848.23
7/2/2008,854.87
6/2/2008,845.78
5/2/2008,858.76
4/2/2008,881.16
1/2/2008,866.41
31/01/2008,861.02
30/01/2008,898.38
29/01/2008,888.62
28/01/2008,876.98
25/01/2008,915.99
24/01/2008,875.87
23/01/2008,847.58
22/01/2008,866.82
21/01/2008,903.23
18/01/2008,947.27
17/01/2008,951.06
16/01/2008,933.21
15/01/2008,978.53
14/01/2008,967.52
11/1/2008,996.63
10/1/2008,1017.28
9/1/2008,1048.92
8/1/2008,1068.03
7/1/2008,1078.23
4/1/2008,1108.81
3/1/2008,1094.77
21/12/2007,1168.51
20/12/2007,1147.08
19/12/2007,1156.23
18/12/2007,1156.56
17/12/2007,1138.88
14/12/2007,1151.97
13/12/2007,1134.73
12/12/2007,1148.45
11/12/2007,1160.91
10/12/2007,1150.46
7/12/2007,1146.53
6/12/2007,1147.75
5/12/2007,1110.21
4/12/2007,1083.03
3/12/2007,1080.1
30/11/2007,1073.38
29/11/2007,1048.21
28/11/2007,1040.11
27/11/2007,1044.76
26/11/2007,1055.16
23/11/2007,1030.17
22/11/2007,1007.01
21/11/2007,1020.83
20/11/2007,1044.83
19/11/2007,1077.09
16/11/2007,1082.84
15/11/2007,1093.46
14/11/2007,1093.8
13/11/2007,1082.34
12/11/2007,1079.58
9/11/2007,1106.67
8/11/2007,1118.45
7/11/2007,1131.32
6/11/2007,1140.97
5/11/2007,1164.16
2/11/2007,1182.07
1/11/2007,1186.49
31/10/2007,1192.7
30/10/2007,1190.32
29/10/2007,1194.34
26/10/2007,1189.24
25/10/2007,1194.03
24/10/2007,1201.8
23/10/2007,1217.73
22/10/2007,1175.04
19/10/2007,1187.78
18/10/2007,1218.62
17/10/2007,1224.98
16/10/2007,1214.79
15/10/2007,1223.14
12/10/2007,1216.49
11/10/2007,1213.89
10/10/2007,1236.22
9/10/2007,1230.36
8/10/2007,1237.62
5/10/2007,1215.35
4/10/2007,1197.85
3/10/2007,1189.37
2/10/2007,1185.39
1/10/2007,1155.64
28/09/2007,1234.6
27/09/2007,1212
26/09/2007,1221.16
25/09/2007,1233.02
24/09/2007,1260.85
21/09/2007,1275
20/09/2007,1277.37
19/09/2007,1288.09
18/09/2007,1264.4
17/09/2007,1269.31
14/09/2007,1272.92
13/09/2007,1274.6
12/9/2007,1267.13
11/9/2007,1264.66
10/9/2007,1272.74
7/9/2007,1290.19
6/9/2007,1296.22
5/9/2007,1304.83
4/9/2007,1312.3
3/9/2007,1314.32
31/08/2007,1318.13
30/08/2007,1320.1
29/08/2007,1322.49
28/08/2007,1327.34
27/08/2007,1314.27
24/08/2007,1285.7
23/08/2007,1299.67
22/08/2007,1252.45
21/08/2007,1230.73
20/08/2007,1243.08
17/08/2007,1198.67
16/08/2007,1211.37
15/08/2007,1259.12
14/08/2007,1288.69
13/08/2007,1301.62
10/8/2007,1312.07
9/8/2007,1330.45
8/8/2007,1346.68
7/8/2007,1317.52
6/8/2007,1300.21
3/8/2007,1312.5
2/8/2007,1312.44
1/8/2007,1301.01
31/07/2007,1335.51
30/07/2007,1284.52
27/07/2007,1321.65
26/07/2007,1359.14
25/07/2007,1385.52
24/07/2007,1430.91
23/07/2007,1420.31
20/07/2007,1400.23
19/07/2007,1381.12
18/07/2007,1365.69
17/07/2007,1350.62
16/07/2007,1371.58
13/07/2007,1343.43
12/7/2007,1331.1
11/7/2007,1327.07
10/7/2007,1350.04
9/7/2007,1331.51
6/7/2007,1322.82
5/7/2007,1333.24
4/7/2007,1317.84
3/7/2007,1303.97
2/7/2007,1295.73
29/06/2007,1295.43
28/06/2007,1267.56
27/06/2007,1242.4
26/06/2007,1251.62
25/06/2007,1225.37
22/06/2007,1209.6
21/06/2007,1196.18
20/06/2007,1167.06
19/06/2007,1157.06
18/06/2007,1163.54
15/06/2007,1147.5
14/06/2007,1122.96
13/06/2007,1105.1
12/6/2007,1119.69
11/6/2007,1116.25
8/6/2007,1116.38
7/6/2007,1127.8
6/6/2007,1126.59
5/6/2007,1137.74
4/6/2007,1132.06
1/6/2007,1121.72
31/05/2007,1113.73
30/05/2007,1097.07
29/05/2007,1106.04
28/05/2007,1112.09
25/05/2007,1112.48
24/05/2007,1116.39
23/05/2007,1123.15
22/05/2007,1112.65
21/05/2007,1102.09
18/05/2007,1099.31
17/05/2007,1087.51
16/05/2007,1082.2
15/05/2007,1083.94
14/05/2007,1085.08
11/5/2007,1080.96
10/5/2007,1088.12
9/5/2007,1121.32
8/5/2007,1119.25
7/5/2007,1142.15
4/5/2007,1141.07
3/5/2007,1121.44
2/5/2007,1094.43
27/04/2007,1089.22
26/04/2007,1086.1
25/04/2007,1085.82
24/04/2007,1081.84
23/04/2007,1095.88
20/04/2007,1072.11
19/04/2007,1059.98
18/04/2007,1072.84
17/04/2007,1088.73
16/04/2007,1071.86
13/04/2007,1055.66
12/4/2007,1053
11/4/2007,1062.83
10/4/2007,1048.01
6/4/2007,1041.68
5/4/2007,1034.36
4/4/2007,1026.85
3/4/2007,1024.84
2/4/2007,1020.47
30/03/2007,1030.84
29/03/2007,1032.8
28/03/2007,1029.24
27/03/2007,1028.93
26/03/2007,1029.96
23/03/2007,1045.6
22/03/2007,1027.79
21/03/2007,1014.21
20/03/2007,1013.36
19/03/2007,1009.95
16/03/2007,1006.04
15/03/2007,1016.48
14/03/2007,1005.2
13/03/2007,1027.28
12/3/2007,1028.06
9/3/2007,1023.1
8/3/2007,1012.07
7/3/2007,1005.49
6/3/2007,987.73
5/3/2007,963.84
2/3/2007,1023.42
1/3/2007,1056.19
28/02/2007,1052.1
27/02/2007,1090.7
26/02/2007,1086.45
23/02/2007,1088.02
22/02/2007,1077.95
21/02/2007,1078.23
20/02/2007,1067.38
19/02/2007,1066.45
16/02/2007,1070.63
15/02/2007,1072.55
14/02/2007,1065.81
13/02/2007,1056.19
12/2/2007,1078.71
9/2/2007,1079.47
8/2/2007,1081.37
7/2/2007,1074.62
6/2/2007,1076.11
5/2/2007,1085.71
2/2/2007,1085.58
1/2/2007,1072.4
31/01/2007,1065.22
30/01/2007,1061.96
29/01/2007,1061.99
26/01/2007,1054.29
25/01/2007,1053.7
24/01/2007,1056.32
23/01/2007,1048.76
22/01/2007,1043.87
19/01/2007,1020.44
18/01/2007,1019.11
17/01/2007,1033.48
16/01/2007,1036.94
15/01/2007,1043.1
12/1/2007,1047.73
11/1/2007,1046.74
10/1/2007,1030.86
9/1/2007,1051.54
8/1/2007,1058.71
5/1/2007,1069.06
4/1/2007,1051.41
3/1/2007,1065.88
19/12/2006,1000
